lord_id,name,alliance_id,alliance_tag,town_center,home_server,in_power_rankings,power,map_id,units_killed,faction,merits,highest_power,legion_power,tech_power,building_power,hero_power,units_dead,units_healed,city_sieges,defeats,victories,scouted,gold,wood,ore,mana,gems,resources_given,resources_given_count,helps_given,gold_spent,wood_spent,stone_spent,mana_spent,gems_spent,killcount_t5,killcount_t4,killcount_t3,killcount_t2,killcount_t1
49818,Pelochas ᴱᴳᴼ,278547,ECH1,25,60,TRUE,136179408,27010,467286548,League of Order,1473328,141467228,77091110,31732531,18820467,8535300,1360324,421861799,128,88190,130353,1136,2258193055,3063926553,2082497297,3019172836,2552,701094165,156,126903,7217920386,8033826994,4679046736,4747144305,2296173,163603303,263362072,2647736,702557,36702789
762183,ᶠᵃˢᵗPumbaaヅ,229902,ECH2,25,60,TRUE,86873130,27010,236414849,Wilderburg,2583727,103995517,31098973,31366440,18407007,6000710,1120760,282798986,560,32426,93393,742,1712281039,1566489264,972335131,3243588451,3324,237837832,60,82165,7158597081,7074961386,4903441962,4258110571,1272013,71441139,127955756,8564557,2922340,25186553
765155,Heídi,278547,ECH1,25,60,TRUE,131676599,27010,488574447,League of Order,3466704,152635109,74142741,31732531,18820467,6980860,950276,367907113,54,40740,177532,1822,2600379619,2504879797,1330062415,4462562182,1270,1330548617,275,198280,6382954374,6870706024,4447308548,3667138371,2115798,262222010,144236861,4944243,1974874,75070420
1015441,ankou,278547,ECH1,25,60,TRUE,128090713,27010,512674603,League of Order,4212692,164841329,68825020,31734406,18820467,8710820,1626706,394546064,386,93675,233752,1009,580332789,595257649,543475044,1550390210,201,100133928,32,35766,7407117103,6649980853,5240333202,4478831447,3313818,293897429,142327674,8678548,10125831,57450340
1129896,St4rwinS,278547,ECH1,25,60,TRUE,106217078,27010,506662560,League of Order,3716247,121740766,47236090,31732531,18820467,8427990,996130,352730521,187,78392,195135,783,1774694191,1362312241,1279405286,4158774880,1795,1299268602,262,122557,8358666093,6776343624,5651378090,4456746112,1154707,246590412,172809170,5300327,3780513,77901774
1157541,Jinxsta,278547,ECH1,25,60,TRUE,136731193,27010,1035152983,League of Order,5219915,149625301,79625220,31734406,18820467,6551100,941912,477289626,222,45557,313254,785,2531249157,2677649833,1795981571,8168427066,130,152880770,45,190813,5105056811,4652925171,3406707742,2921927469,1929625,418869496,373103372,25580769,15587520,201705259
1165351,"ᶜʰᵃᵒˢメKilly",278547,ECH1,25,60,TRUE,107357353,27010,432396349,League of Order,8052906,110604119,48679455,31732531,18820467,8124900,2326288,361057779,132,56989,210237,352,1175057722,1108102925,859625836,3141297762,72,1950645276,454,42161,6545758522,7298344267,6012015931,3616140559,2183151,229472812,134750532,4321805,3120213,60620451
1176862,PufferFish,278547,ECH1,25,60,TRUE,158130452,27010,556141134,League of Order,171536,158130452,99104834,31732531,18820467,8472620,571615,435824800,471,35266,319356,500,1813319703,2148387365,1944638766,3905610826,8173,103237635,39,132158,5092136889,5604119592,3645452028,3077717069,3068181,336463160,144197734,5256083,2842563,67160968
1178426,Shalltеar,229902,ECH2,25,60,TRUE,92816671,27010,490881368,League of Order,4247285,123302151,34459543,31732531,18581967,8042630,1533328,412280318,290,59962,274300,1097,1596219150,1366882075,939100072,4380521029,3686,82250000,21,124012,9936208896,10992943631,7569130336,6854011407,1553205,219471799,199520203,22897379,10568769,38266949
1181168,Tommy 亗,278547,ECH1,25,60,TRUE,133529770,27010,708107334,Wilderburg,4652183,145650510,77423072,31732531,18820467,5553700,1545329,299130299,257,21233,298616,449,4064440093,1517746808,3124525708,2194128569,384,1713330,4,66254,5121126461,2301457884,3677795069,2998068142,1484666,361510343,261685742,17125558,6708375,60984961
1182144,Thempire,278547,ECH1,25,60,TRUE,225672618,27010,639779846,League of Order,2754200,225797788,165627645,31734406,18820467,9490100,2827930,478748170,373,142093,221514,900,1159288076,1379379106,1417783271,4554036357,335,2600000,1,89638,13047877999,14521515750,9159533872,8981293527,5331594,385544698,213464027,8397276,3478685,28671585
1183023,ÐK,278547,ECH1,25,60,TRUE,194504523,27010,491608480,Wilderburg,1829956,201073683,133065710,31734406,18820467,10883940,2685072,455941000,287,129390,168328,1098,1384104630,1142064330,1183916509,1004608678,65,342536714,165,101282,14973196861,13521453748,11566210793,10464769616,9480889,262231551,189813259,11846625,5056027,22490765
1185328,"ᶜʸᵇメTʜᴇKɪʀᴀᴛɪ",278547,ECH1,25,60,TRUE,228741132,27010,939033275,League of Order,2786388,267157872,169778598,31734406,18820468,8407660,1322402,687652167,442,179981,275606,238,481254488,417379521,277450568,3419042786,5492,9410843082,1910,68629,8757720873,8725908635,6802402118,6008322470,4638314,487059963,372638741,17391804,7102825,54235218
1187064,"メ ᴡᴀʀʟᴏʀᴅ",278547,ECH1,25,60,TRUE,120989588,27010,452365760,League of Order,4141671,122034368,63245220,31732531,18820467,7191370,4146347,388576011,1302,87167,235224,1207,1408661767,1816147479,1844711530,3387485825,226,889140339,183,74685,7104437869,8375103805,7003352224,5406962792,1335621,249416477,148345003,3606299,1715982,48938618
1187761,Lướt Qua Nhà Em,278547,ECH1,25,60,TRUE,125929733,27010,491267837,League of Order,5861051,149407625,66580695,31732531,18407007,9209500,769478,279970104,126,51319,275762,457,5332376906,4252065497,3746857038,2382945366,100,132601224,43,120728,8571711337,5197102531,5524200199,4789942108,6261922,322369797,138305918,3977440,2915070,23686995
1191528,Jern,278547,ECH1,25,60,TRUE,143838965,27010,992211635,League of Order,6448185,164573143,83970872,31734406,18820467,9313220,2784834,574341611,1532,145095,257125,1164,1671539018,1569619506,1687463532,3811238794,6622,6664339647,1403,104450,14301942968,14676183552,11650662230,8612225048,3529399,484906766,356290012,23683205,21855465,104497084
1260762,Cutler,278547,ECH1,25,60,TRUE,126653363,27010,429387341,League of Order,8320459,138364659,68048875,31732531,18820467,7989340,2343014,389603721,90,111644,266064,132,1378794671,1831555449,1648305444,5032096022,9337,326943597,121,88398,10970655332,10232946886,6981487155,7198148092,2247264,284458031,101890183,1973215,2292970,38712821
1267403,Sister Hong,278547,ECH1,25,60,TRUE,108286694,27010,530050052,Wilderburg,3827997,141149158,50020476,31732531,18820467,7713220,4084137,375832821,412,97713,203413,381,719391347,860435490,867114281,3831693786,46,2181005473,442,134266,10162654403,7370944778,6059327192,5362633827,2219088,321790534,125328441,7694696,3401840,71540941
1268188,SоuthernLight,183458,ECHO,25,60,TRUE,500806067,27010,1041332091,League of Order,-,501082817,439907424,31734406,18820467,10343770,3961497,823228344,981,371394,226155,296,494661092,339412468,326597699,1418785485,92,1256142321,254,37265,17869850043,16956163035,9452868395,11362131598,13130070,501968568,463471985,35490366,17048772,22073788
1279985,"Sáphíre",278547,ECH1,25,60,TRUE,125390038,27010,847253858,Wilderburg,4040612,125597608,66551980,31732531,18563397,8542130,3381741,399261076,925,50323,208044,1334,1908331097,1654361222,1433806701,3390725092,8630,1100006208,306,124590,8637289828,6985644448,6239531551,5129370448,1427907,346078484,338653085,12765638,4354305,144775568
1283319,Ragnar666,278547,ECH1,25,60,TRUE,98896326,27010,609357185,League of Order,4345958,114138278,42854298,31732531,18523647,5785850,1363225,401038554,627,45718,294360,1230,2047266575,1571349580,1113062495,3268121348,32516,49977600,32,101995,5323992462,4925831526,4601752114,3559910645,551046,301630432,202202821,17207661,6590326,81210111
1358141,ᵘⁿᵈᵉʳᵈᵒᵍPumbaaヅ,278547,ECH1,25,60,TRUE,116808873,27010,886791067,League of Order,5225354,156175493,57605980,31734406,18820467,8648020,3779468,612045449,244,131053,277268,491,910291213,810662298,769985878,4784653269,6783,1664211096,341,122655,12284811300,12318203524,8511885678,7343956225,2560897,480175142,346491596,17043900,13651816,29232815
1386463,RashedQ8,229902,ECH2,25,60,TRUE,170121609,27010,974645904,League of Order,2069478,209335017,109166566,31734406,18820467,10400170,5113226,651341454,625,195292,249883,1243,242670744,367966405,473115034,2556272698,111,3608148662,735,102118,15062878218,14349832638,11337487882,9439653445,8045190,490673433,379774772,23304292,20660640,59576258
1394547,Mᴏɴᴋ ᴴᴬᵛᴼᶜ麺,278547,ECH1,25,60,TRUE,155999927,27010,622587434,Wilderburg,6935092,157510567,96276859,31732531,18820467,9170070,1917586,518068812,971,147175,172478,233,1451320334,1254037165,1484638398,7470236273,4695,412212498,102,135822,12306671654,10830490178,7318600191,7545968616,4018843,279175964,252858702,8108948,1722790,80575866
1407626,Riama,278547,ECH1,25,60,TRUE,119075341,27010,426097750,League of Order,4497636,121183090,60689853,31732531,18446757,7512170,1427956,396719234,119,60565,194647,470,1553578534,1471278582,1052755411,3065392511,4908,38597569,11,91875,7973211169,7649937450,5476510639,4816469811,2402743,248716921,114128192,8048043,5596133,49392019
1417775,Xoraz,278547,ECH1,25,60,TRUE,105336270,27010,279292253,League of Order,1863572,118187978,46642282,31732531,18820467,8134260,2091802,251710720,308,40877,182996,304,959245743,1017220921,935054618,1482195308,40,-,-,41694,4293585504,4493077544,3245543305,2905181058,2473337,190455907,75561229,1958885,2485452,8749997
1440213,SpitFire,278547,ECH1,25,60,TRUE,177285727,27010,701950499,Wilderburg,759087,177289807,116814564,31734406,18820467,9916290,2330383,482783192,179,113922,280715,210,4598420119,2941047077,2589545158,5653108406,435,29509784,15,121769,7663872711,6920108965,4318041238,4530633194,3973090,353056792,255843786,10178649,2689548,80034344
1454437,LoOve,278547,ECH1,25,60,TRUE,181831456,27010,619547361,League of Order,5388179,182993696,122722013,31734406,18820467,8552550,1836535,393825076,517,98086,209598,1780,1438258978,1252644695,1484396487,987073244,199,73827558,66,83839,9529075696,9400438910,5979203790,6612398520,4722773,325561366,249080594,8412737,4929804,31101442
1468732,Sheu,278547,ECH1,25,60,TRUE,112204107,27010,530434915,League of Order,2260600,132310383,54204248,31732531,18820468,7446860,1060554,387374784,58,57873,237117,286,2464958358,2753635552,2157712193,4431097234,18544,101103062,35,118376,4886286520,4958212916,2937247075,2768471889,2437140,270816644,189368941,10977715,3868256,55304451
1482620,Dark August,278547,ECH1,25,60,TRUE,119623787,27010,571515295,League of Order,2314184,135801237,58295919,31732531,18820467,9654560,4301172,446471333,1176,58520,265996,2613,3084032834,2006473626,1609038256,3946263806,829,826414837,176,116310,7144905040,7211804383,3916065577,4031647448,2315312,257708587,259010024,11493277,7248182,35253776
1538471,Sister Hоng,278547,ECH1,25,60,TRUE,107963524,27010,367945654,League of Order,1531477,107963524,51752956,31732531,18664077,5767130,2015848,427742750,252,59872,222903,2492,3525479916,5704120174,3160636195,2722843161,4174,3942273756,810,231096,7285231426,9752600686,6298250754,3893088790,915975,214250347,98437201,2062334,939045,52117596
1542026,taeyeоn,278547,ECH1,25,60,TRUE,185759646,27010,1290399599,Wilderburg,7293151,252873194,125191973,31734406,18820467,10012800,6549367,770636022,561,231617,298350,1441,574330047,528853277,948251305,3961787415,162,6961262610,1474,126817,19243716890,15655834424,9319257107,10444345390,5018451,680540980,524894360,25099667,11675906,47505756
1610741,Raihshtat,278547,ECH1,25,60,TRUE,139076926,27010,564380458,League of Order,4538679,142702414,80464278,31732531,18820467,8059650,1415889,395850770,850,85773,258305,1129,1077503165,924992134,609692297,7412423768,4117,1409007339,297,164739,9622385429,8550177159,7168235231,6112529459,2076892,272518686,127647816,37591892,26407547,99183895
1616391,"ᴮʳᵘⁱⁿʙʀᴏᴡɴɪᴇᵔᴥᵔ",278547,ECH1,25,60,TRUE,157287603,27010,669138563,League of Order,6776183,165871573,97582670,31734406,18820467,9150060,1559102,421499372,206,66848,346985,327,1505430639,1449279902,1408167476,4613308915,-,4092083,4,124049,7115097485,6658963568,4753846286,4504149567,4322686,404612474,171007863,4730456,2294685,86337697
1652299,SoD,278547,ECH1,25,60,TRUE,155845580,27010,2380696346,League of Order,20505370,230858020,95099677,31734406,18820467,10191030,11338470,1112146138,2864,294258,650880,1502,166863813,63673553,86394347,7078908116,-,7500000000,1546,179469,37063478372,32520810413,26764634289,24670106906,8099223,1377720917,826604933,55041463,29777580,88040405
1652362,ChiefYahoo,278547,ECH1,25,60,TRUE,237588263,27010,851812495,League of Order,5764244,239835263,176287020,31734406,18820467,10746370,3645566,655984693,1338,254391,182164,1238,1339091706,910489829,909654436,4043950139,82,1142892359,257,156946,18006667480,16498396028,8375953124,11003239170,8088040,455256652,289434613,24966282,17815435,61842623
1655332,"Yamaメ",278547,ECH1,25,60,TRUE,95814174,27010,511274105,League of Order,3770952,119057840,39162906,31732531,17927327,6991410,1171899,404224029,371,67706,338854,1103,1806226243,2122517794,1631471075,2996179927,505,230023162,62,70975,6086067706,6701308601,4942929281,4175114305,1169075,342462713,120270838,4596695,4644441,39112458
1661778,broke loco,229902,ECH2,25,60,TRUE,182810090,27010,1278681470,Wilderburg,22800045,277741816,121761807,31734406,18820467,10493410,5652419,889739933,412,281744,221408,797,377072800,245960134,179718380,1142981755,31,1887572412,388,83223,18969286233,18419371448,11538165248,11811813798,6570988,614191219,539754389,12889885,3771564,107729894
1661958,ˢᵃᶦⁿᵗ Nephalis,278547,ECH1,25,60,TRUE,117430561,27010,504079755,League of Order,5080069,123793033,59591923,31732531,18526257,7579850,1076737,369024591,93,58750,223200,184,2895484254,3810307198,2226857688,3394626749,428,280656754,59,112417,5948825240,6025957397,3704669157,3573669606,2103256,287740476,204211267,1713365,520546,9741335
1666877,SNaKE RAzOR,229902,ECH2,25,60,TRUE,251670193,27010,1391978138,League of Order,11574171,278262053,189951380,31734406,18820467,11163590,9480043,1175002630,3250,399511,217025,783,2551553784,2781299794,1330104220,2036741531,291,60280866,15,61793,48723663722,52649392679,30478953758,34139325778,12658683,672856940,657563987,21193445,7719203,31763045
1701058,HiFarmer,278547,ECH1,25,60,TRUE,146482176,27010,884480078,League of Order,3403,156011494,86005543,31734406,18820467,9921760,8124337,679775025,799,178718,347798,576,807554324,616727028,400159596,3033255924,200,8732749954,1877,193288,33662847227,30913430064,25134554708,21074455411,10228863,595642928,200951708,3927030,3565439,80029899
1708132,Fenixfeather,278547,ECH1,25,60,TRUE,121854263,27010,382696410,Springwardens,1784667,135968723,63818500,31734406,18820467,7480890,3329136,333772625,19,55668,231765,137,1848024420,1933538741,1998480677,3896182657,4484,7028159,4,104970,9114880061,9284871522,5710552771,6224388426,2561830,250263839,116418855,1823620,917543,13208188
1714110,Crocodilë,278547,ECH1,25,60,TRUE,122950636,27010,490816121,League of Order,2353215,133973256,64463908,31732531,18465327,8288870,922057,448164158,182,55267,260083,335,3764194928,3337859195,2693620857,3566228720,2472,37550143,27,139559,8317400780,6468727327,5199001567,5076827964,1364299,280601861,124219389,11423820,5954270,68478267
1720089,Kiritussy,229902,ECH2,25,60,TRUE,76940329,27010,186127166,Wilderburg,314115,85523079,22528948,30533214,18820467,5057700,1231749,184275514,716,19097,72472,1686,1389245375,1440216419,1428342383,1049792113,342,244010317,76,58987,3438890821,3869472872,2927171542,2059958643,559611,33120888,121479011,9219491,4637844,17115075
1728390,м ɪ ɢ н ᴛ,278547,ECH1,25,60,TRUE,140159842,27010,396987939,League of Order,3436865,143358998,81792124,31732531,18167167,8468020,729834,338684161,381,32192,248116,486,4414682088,3580974345,3224524536,3597788013,527,-,-,135115,6029856709,5338324714,4571999691,3728243477,1859144,243371887,109148356,4052593,1905830,38280123
1795708,"ᴱᵗᵉʳⁿᵃˡ メ Lulla",278547,ECH1,25,60,TRUE,121469578,27010,601559715,League of Order,4636637,129429298,62085320,31732531,18820467,8831260,1571550,441982349,224,73490,251608,2669,2076356925,2240228529,1862448198,4849656146,26633,391859185,134,139002,9098289946,8984471578,6419675833,5755446013,1402190,240549553,239280572,17129488,10230576,94095395
1884432,ᴹˣ Core,278547,ECH1,25,60,TRUE,126799341,27010,520499699,League of Order,5832390,160968471,67021048,31734406,18820467,9223420,3728914,451339879,483,150656,195656,708,679002243,596798193,568027883,2182286020,669,1345745004,293,105164,12730759563,12408227277,8973561849,8369188325,4634812,319958639,158751244,4929439,1872469,34608961
1888713,SweetVirginAngel,278547,ECH1,25,60,TRUE,158920881,27010,898065639,League of Order,13191078,242940349,99108957,31734406,18820468,9257050,5561972,594329720,611,170381,220687,440,74888141,92274931,51666035,1816520521,74,4627068860,934,42584,9763678976,9245098800,5295568604,4935573333,2752367,394208523,428977748,24530650,15888547,34138870
1890389,Dark Blue,278547,ECH1,25,60,TRUE,116568908,27010,866274896,League of Order,3789593,150008560,53623168,31732531,18820467,9757960,1102527,556142566,179,116299,208602,837,641774323,1332415338,1137305537,5187024418,243,7418611814,1491,115212,13449007546,15373906451,10961489879,7502144948,4848862,270648656,516807608,8363878,3209994,67186667
2030204,Broke Talal,229902,ECH2,25,60,TRUE,256880531,27010,1107750850,Wilderburg,5772711,316006831,194605468,31734406,18820467,11720190,3853491,624315924,304,161273,278202,374,1228688430,1253347382,981165528,2322337314,455,533423949,113,131424,12111057363,12162948706,7335620841,7923611466,9798269,560405816,443550459,7637990,3297744,92659611
2053160,iH0S,278547,ECH1,25,60,TRUE,110890548,27010,603662106,League of Order,3397774,132794464,51688894,31734406,18820468,8646780,1308492,350920227,255,61551,167347,541,1135334111,787349471,1572205079,2654080101,4635,3099682140,648,120771,7936226586,6751033506,6292874570,4495990457,2749020,277453881,280029667,6849896,3521633,35485442
2134127,Midget Kits,278547,ECH1,25,60,TRUE,127104846,27010,529966390,League of Order,1840942,127109786,69378823,31734406,18820467,7171150,3985997,421783599,402,116107,167721,1211,775977194,873602814,590398324,1801237881,127,3699805631,841,99617,8667334094,9118432323,5029658124,4438963263,1314808,281361340,187574599,5788090,1838010,53015474
2148014,"ᴱᵗᵉʳⁿᵃˡ FantasyX僵",278547,ECH1,25,60,TRUE,156990941,27010,462341185,League of Order,7514912,166292553,98137743,31732531,18407007,8713660,5437031,379108626,505,95851,215156,468,2325523146,2170461398,1692749478,6330169913,141,159517266,35,94382,14901749516,12652882797,8704853058,8398833444,5016072,295430794,140673263,9856724,6617379,9019164
2154503,Kutu,278547,ECH1,25,60,TRUE,124699425,27010,1241296153,League of Order,12852373,127899963,65928372,31734406,17963127,9073520,2905265,481008111,168,128103,386268,598,739971689,717124436,638390083,5118326759,45,250276000,56,131657,12678505308,11725248779,9066173346,8447947620,3700107,563977823,626006161,11172275,5260342,34487284
2234838,"ᶜʰᵃᵒˢメLin",278547,ECH1,25,60,TRUE,152108543,27010,777042732,League of Order,2974158,161202663,92420370,31734406,18820467,9133300,3037648,489592805,1306,174998,195628,926,580397878,284381625,593940635,5460253313,108,5430825347,1143,57496,11751886061,10717441752,6393557659,6185134331,1475018,297217563,398323738,46266608,17117849,16461575
2270672,"ᴱᵗᵉʳⁿᵃˡ メBaoJin",278547,ECH1,25,60,TRUE,126229864,27010,479760525,League of Order,2346359,135631324,66771716,31732531,18820467,8905150,1429114,239008413,99,22061,284789,221,6281571468,6430993921,3727627728,2655035327,1185,-,-,205962,5193686409,5305023283,3322361422,2894859154,1740488,165274114,150737860,35449750,2415139,125784451
2286961,"ᶜʰᵃᵒˢメTempy",229902,ECH2,25,60,TRUE,204307077,27010,1890236339,League of Order,14640742,237566057,143172204,31734406,18820467,10580000,6515531,984760304,912,350848,449957,3244,1097459523,597519180,658164778,7226194774,859,3010759873,663,112333,37868220904,34997407151,24990113316,26071669879,8389310,1045377174,761616266,36783968,13349786,31885679
2302181,a L v,278547,ECH1,25,60,TRUE,94336848,27010,305980010,League of Order,2584163,116536544,36571020,31732531,18407007,7626290,1502679,322966212,383,50000,184107,472,845650955,842866787,649509799,2958744171,20,-,-,74581,6464045518,5826345887,5394835088,4638329333,2355924,201999776,75488521,2911263,3018553,22319396
2302782,Dead Cake Leo,278547,ECH1,25,60,TRUE,109292388,27010,541408414,League of Order,1290960,114308548,50898800,31732531,18820467,7840590,2263999,331196224,281,41681,226737,475,352171772,467290788,450779998,2009467219,272,995344047,290,86409,5318528525,5232444937,4052955264,3408210282,918319,311361557,142771226,6233789,1859380,79077367
2305148,AZØG,278547,ECH1,25,60,TRUE,124002097,27010,576074572,League of Order,4463812,127121429,65019708,31732531,18820468,7740250,1551413,421999006,406,60290,318990,1169,2011290202,2620778223,2269473564,3088973851,274,251515876,72,96341,6594780220,6788673544,4697906956,4250402236,1310690,343299563,204595562,4714413,2415778,20866216
2357993,SFiend315,278547,ECH1,25,60,TRUE,103369352,27010,342883218,League of Order,3192838,119119192,44273964,31732531,18820467,8542390,492400,316969501,55,65022,207512,134,3900232991,3602075771,2819538003,3618272527,8870,158882094,32,109575,5845059721,5520466554,4450859046,4039783516,2569688,191405686,105346694,4408026,1451974,40219452
2380639,ᵉᶜʰᵒNash,278547,ECH1,25,60,TRUE,191588840,27010,686884086,League of Order,5741175,209076508,131500317,31734406,18820467,9533650,1838735,392990766,173,110492,214194,2206,1133994546,1976640231,1544813334,3083997628,570,362007047,90,119095,10761992738,10196445524,4705945962,6369568613,7235242,312767401,321796538,21312292,6650629,24090432
2382034,SKZERAA,278547,ECH1,25,60,TRUE,112983427,27010,479498947,League of Order,4667972,138930611,55117259,31732531,18407007,7706180,1230588,340262781,533,46905,267170,2130,2153478532,2126820681,1939951355,4741117990,232,4600000,1,81358,6642373638,5725602487,4420248318,4024362344,1845150,286620605,154410767,7017872,4193281,26798097
2404030,ᵗʰᵉZeCoelhaO,278547,ECH1,25,60,TRUE,111634378,27010,496845496,League of Order,5091233,144984638,53017440,31732531,18820467,8063940,954637,330712928,85,44182,246346,1523,1525437194,1787971513,1696498360,2907779098,2268,66945739,20,135286,6178007377,5843746435,4583815690,4059043081,1422357,266430385,194171037,2988538,2327883,30711302
2404313,Nawaff,278547,ECH1,25,60,TRUE,151057482,27010,712195927,League of Order,3453553,164418162,90587609,31734406,18820467,9915000,3809807,429508975,100,121533,280065,54,578957199,572663321,619561911,1930988104,253,535269485,114,110567,9903628200,8931163637,6044946152,6286738887,5018695,394721078,290951596,12301391,4730438,9305228
2411806,"ᴱᵗᵉʳⁿᵃˡ 000",278547,ECH1,25,60,TRUE,114947754,27010,480369337,League of Order,6630976,127670913,54729251,31734406,18820467,9663630,3298084,360844084,414,105343,253481,594,1513123477,1521399356,1421861453,2436184943,880,62700000,13,78733,11006904179,10595689945,6889154049,6987989853,4407804,296192111,152101621,2493030,1697035,27443302
2434420,Hyśt,278547,ECH1,25,60,TRUE,182094667,27010,1862183717,League of Order,13690956,206164165,121497794,31734406,18820467,10038520,2617892,686020829,210,111359,629260,1687,1632209467,1588147423,1324326561,6482697340,1156,177854932,48,118838,17102047081,15698007878,11655030659,11562672013,6207632,1075863553,637911616,27578415,14619255,106093376
2436361,ᴸᴵᴳᴴᵀSAOKirito,278547,ECH1,25,60,TRUE,202990682,27010,1242675235,League of Order,13109352,310833972,142400179,31734406,18820467,10035630,3272070,816395215,251,333054,273486,641,721631513,659230659,623242087,1471427943,62,854430376,238,85755,27585962698,25440766050,15580015741,17991378147,12906649,602678197,582757565,19178979,6811967,31010845
2461944,HealeRᵀᴴ,278547,ECH1,25,60,TRUE,112424464,27010,265961410,League of Order,5439212,118496954,53611916,31732531,18820467,8243960,567284,279283009,85,44943,202092,194,1760026420,2107190769,1832934300,2830968064,457,92,1,153778,6288700381,7361029989,6146111621,5290062014,1838104,205362391,49569775,2034274,1515256,7473551
2470622,ＴＨＥＨＥＬL,278547,ECH1,25,60,TRUE,98180300,27010,419056429,League of Order,6783149,121671222,41236182,31732531,18621717,6589870,1196123,361155729,30,54655,252685,593,1760107256,2084703232,1278417540,3382687432,74,339672187,97,123809,5619692084,5707127583,3699789522,3470597875,1169347,225434849,97482037,22341599,17781660,55938438
2479861,Kairi龍兒,278547,ECH1,25,60,TRUE,132841378,27010,454270795,Wilderburg,4163850,138868073,74788620,31732531,18820467,7499760,1412340,335292555,191,43821,211748,372,1813305231,1517419945,1351551204,4573158251,2898,255335390,62,150983,6609334579,5472209686,5772171027,4510174099,2261009,257855725,140455804,4371497,2178310,49272987
2481878,Ancientpanda,278547,ECH1,25,60,TRUE,122875173,27010,496134632,League of Order,3076728,146618823,63296595,31732531,18820467,8927940,2860042,323887517,841,64984,172839,951,827128622,919841703,753547251,1910469111,1951,567809453,122,109768,7122943627,7570831758,6030231022,4914368062,2274803,204270770,222463429,26161359,16397910,25981973
2569741,IIRenatusII,278547,ECH1,25,60,TRUE,168660465,27010,703644490,League of Order,4225849,179506155,108217952,31734406,18820467,9887640,1210971,381339431,307,63066,312366,1931,842413835,1425926290,2037219564,4076483684,97,1494588418,312,69737,5184823819,5306531956,4098424571,3338562383,2935148,310385976,336685622,13557651,3581913,39124969
2622169,NoSoup4You,278547,ECH1,25,60,TRUE,142490514,27010,596862438,League of Order,4128471,161479554,82131040,31734406,18820468,9804600,4215262,480679037,908,188814,268410,760,944810457,645560988,562563381,516994256,1618,50187652,13,70108,17447758171,16112197308,11795203258,11596178029,6235920,377019056,198107851,6650325,3849230,11074313
2717353,ᴳᴿcrazydoctor94,229902,ECH2,25,60,TRUE,172423189,27010,1107524789,League of Order,4366887,176216246,113238256,31734406,18820467,8630060,2132447,490725448,345,72899,476000,619,478218093,689267840,627144192,3100610900,66,2282074845,477,137782,10962936157,11434549687,10004558779,7455197767,2618822,532046405,485308483,21370965,9747229,58718134
2807607,NоrthernLight,183458,ECHO,25,60,TRUE,326935552,27010,831892267,League of Order,-,327068602,266288594,31732531,18820467,10093960,4746459,706508891,1133,296645,190076,312,412234390,245534853,290205944,1572831702,229,2995326862,603,47074,14864955567,13389293912,7677111409,8666252113,7649983,410753254,370531244,23201966,8541997,17357371
2810149,EnnZo,278547,ECH1,25,60,TRUE,156318001,27010,544903269,League of Order,4059977,166411651,96294823,31732531,18820467,9470180,410525,475514010,59,108087,181699,334,1662803762,1554466682,1648939322,3952833066,7,1795799979,369,103149,12125532121,10908609789,10626067824,7932052822,4347142,297497207,220481918,5850029,2765475,18252732
2835247,ChestNut,278547,ECH1,25,60,TRUE,166764642,27010,609051510,League of Order,532760,167372992,106079459,31734406,18820467,10130310,3326896,372933378,597,131736,174060,537,496722975,502062937,294305525,1750787141,757,338815951,71,86354,5271405359,5186629004,2501822040,3098379549,2372162,225170873,326944063,29074391,8650723,18551612
2871242,Vernerrrr,278547,ECH1,25,60,TRUE,116620582,27010,702609711,League of Order,2232543,138944745,57538709,31734406,18820467,8527000,3643781,522097652,759,147498,162915,991,282992961,144199653,421694964,1395401315,99,4459247185,1058,86822,16107200973,13941308474,11847398591,10523543428,1884045,323575006,310461777,30407925,15369702,21780411
3034691,King Pingüryen,278547,ECH1,25,60,TRUE,157518393,27010,739831892,League of Order,4801315,157816183,97500510,31734406,18820467,9463010,832193,508607461,306,110307,243725,385,193165858,127013004,182222099,2122841523,3,2405411971,496,77728,8372929475,7977775116,6071020661,5028312375,977389,336778821,292546395,17342287,8130472,84828647
3104679,ᶜʰᵃᵒˢ ﾒ Milone,278547,ECH1,25,60,TRUE,150830310,27010,479398484,League of Order,1294622,150830310,92993447,31734406,18820467,7281990,1543476,348667593,52,99588,153196,385,598055467,529264742,845604310,3231525537,133,64000001,16,75637,5290653361,8462654314,7264408375,5656372155,1946255,256188555,197062986,12834040,6740237,6540892
3172537,Qbolle,278547,ECH1,25,60,TRUE,139917103,27010,541819977,League of Order,6753997,140335733,80976495,31732531,18820467,8387610,2084413,386822526,114,48953,302380,391,1430707062,1169964859,1533611791,3156779487,446,20299491,7,100015,9395740476,8630819599,7387170925,6444159327,2494881,337435559,173732083,3933737,3310834,23318496
3183270,"SoMHoMᵐᵃʳˡᵉʸ",229902,ECH2,25,60,TRUE,146355303,27010,861049324,Wilderburg,1611574,152303253,87003929,31734406,18820468,8796500,858338,446525019,480,44808,148278,494,1576605801,1133061065,1069865086,3141496484,23795,2562773745,513,96714,7739953510,6186001361,5440266562,4046567044,1834073,264816841,399139041,46842677,29799198,120055048
3186856,WIĞĞŸ BØŪCĦÉ,278547,ECH1,25,60,TRUE,100678046,27010,650736823,Wilderburg,2026645,121776148,43814803,31734406,18820467,6308370,3203249,351673345,834,98540,165146,1310,332569543,149844443,168501588,1403446685,65,1364960789,315,86552,6210742016,4471335748,3676705763,3210217825,720117,219265370,293404558,56678793,27766120,52659262
3206448,Unt11ting,278547,ECH1,25,60,TRUE,165529568,27010,608845640,League of Order,5179184,166224682,107010905,31734406,18820467,7963790,2708588,330410534,291,72357,283237,787,862597317,885945030,770918663,1711550750,24,77298950,76,114181,8848128299,8282773299,4623388692,5581744286,5411791,350666420,176743218,5686298,3166221,72273730
3217685,Holliday  亞,278547,ECH1,25,60,TRUE,112549926,27010,361275528,League of Order,4219055,124052640,54799388,31732531,18820467,7197540,1738870,432527238,195,110589,201678,623,1789847269,2421633326,1701414163,4861413133,677,46627581,29,154943,11279807899,13042967762,7216106596,7994145763,2481953,220486860,120894856,4241152,4507231,10886066
3239844,ɪᴢᴀʏᴀ,278547,ECH1,25,60,TRUE,127381258,27010,619147868,League of Order,3853918,149292688,68249980,31732531,18820467,8578280,3016086,502922217,480,109720,189215,971,1234951719,1760646959,1332468144,6941036589,1371,74690799,35,132685,10866971604,9992440764,7844437688,7365053570,3647178,248260585,243921305,10418084,3853513,112255300
3277518,iEmperor,278547,ECH1,25,60,TRUE,284933842,27010,1674792042,Wilderburg,10952580,319696112,223246069,31734406,18820467,11132900,6626694,1060251099,1147,404591,365749,973,191229326,77383760,92174222,516477431,100,6114600231,1263,99009,30516602323,27041231979,18741352094,18756321831,12314813,777757895,774453539,47245678,20061412,54275537
3294730,Clansolace,278547,ECH1,25,60,TRUE,148164153,27010,647737708,League of Order,5033519,148470089,88514660,31734406,18820467,9094620,2532073,546246194,58,206230,177317,573,3378174251,3605545349,1602795962,2523895502,46,750885881,166,100690,18852652793,18218857534,6356624534,10969310997,3152604,341033618,280523601,8066124,3651412,14358474
3311961,Spicy Chi,229902,ECH2,25,60,TRUE,118224373,27010,574401878,League of Order,1910377,140111913,60694415,31732531,18820467,6976960,2030822,384202512,30,90809,234339,700,1652891414,962538417,1327156625,2112778535,292,2379446384,510,103630,7692453143,6702977738,6992540079,5035591736,1572812,249419947,203615894,44724795,41394436,35134619
3321228,ѧʟṃѧẓ88,278547,ECH1,25,60,TRUE,191288526,27010,601334198,Wilderburg,2547311,193836546,130997343,31734406,18820467,9700310,4067957,591969353,61,215732,156641,129,222192866,257772585,164259259,476406251,47,176389462,36,69132,15417728734,20524700923,16439786836,14315899955,6057533,284594216,289760152,10529602,3732771,12562448
3395580,Uɴɪᴄᴏʀɴ ᵇᵒʸ,229902,ECH2,25,60,TRUE,84177599,27010,999796252,Wilderburg,7865425,135785612,26456841,31732531,18407007,7581220,757969,493262535,304,44734,208057,1987,3216682019,2782630601,3012244166,5832612644,212,695415495,177,165344,8419530807,7175778744,6487254697,5384585877,1817890,406908618,456840744,18050828,10593897,107232895
3452794,PavawN,278547,ECH1,25,60,TRUE,194337022,27010,872460734,Wilderburg,3611909,206184042,133861989,31734406,18820467,9920160,3474264,563393325,294,166935,247171,1009,1413460406,1455657960,1001680874,5630486155,130,1870355654,391,105277,11492283650,11143014228,8372954208,7566063857,5040783,421555772,388481422,21138275,5694495,35471870
3565463,金Daenerys,278547,ECH1,25,60,TRUE,100710002,27010,454941195,Wilderburg,3701437,118134856,41259754,31732531,18820467,8897250,1959870,355442769,919,42674,140661,717,3038476716,3066670388,1415585562,2916097016,12519,301437156,75,117498,8423508815,7679070456,6011155046,5032775972,3277714,184254024,222696818,10276028,3858545,33598514
3569766,Krusi,278547,ECH1,25,60,TRUE,144847407,27010,792304602,Springwardens,9109686,206903497,83499274,31734406,18820467,10793260,2451752,677126851,253,222775,189557,635,1556317098,1269253164,1017153083,2857900897,327,131867382,42,128370,15899962864,15309981803,9618119538,10572378693,7934916,375707335,342047985,14495024,5405212,54542922
3612051,"ᶜʸᵇメSᴘᴀʀᴛø",278547,ECH1,25,60,TRUE,158610824,27010,873114666,League of Order,9801139,177182100,99004136,31732531,18621717,9252440,1824401,444336623,284,79662,357156,2028,1981878497,1949037690,1914921018,4095375884,311,118720553,34,102768,10140154026,8518600760,7213015110,6559716638,6103973,502093967,273046651,4601999,5972792,87156086
3622279,"ᶜʸᵇメCʏʙᴇʀLᴇɢɪᴏɴ",278547,ECH1,25,60,TRUE,124884561,27010,736408903,League of Order,3842372,147237651,67951723,31732531,18661467,6538840,3494221,568081574,255,158393,221239,1961,356662686,317916719,373926251,2985504825,90,3643608777,775,137737,14563881796,14184566636,8406497259,8766955791,2331697,356828341,301097090,16661429,10510496,50989704
3623601,Pixa,278547,ECH1,25,60,TRUE,128857413,27010,568449696,Wilderburg,4732141,175250571,69159675,31732531,18820467,9144740,2434511,442083522,95,112471,185978,434,1029076327,773136920,793583402,1904225996,2,1801135341,366,93379,12852355692,10760336737,8013188613,7365568371,4544077,303789474,211477878,6363805,5133332,41605550
3643306,RynoS,278547,ECH1,25,60,TRUE,224509034,27010,1217000524,League of Order,6634968,234653884,164439946,31732531,18820467,9516090,5725954,902782770,826,266350,356861,628,436362049,343409902,526277401,2086200717,123,2912292339,622,88832,28279306243,25868758130,18809579761,18711904300,6580512,640715336,515425463,20148682,8443174,31841160
3648125,ᵘᵒᵘnAKIn,278547,ECH1,25,60,TRUE,157455575,27010,1793127615,League of Order,5524178,178968345,95444392,31734406,18820467,11456310,12393991,912831693,5012,147301,306352,2548,1109255746,744454906,573992118,2344777603,487,6859280508,1540,174089,19859738574,19625300884,14952381468,13902317843,5459516,674383059,870505124,60673461,42836513,135920868
3649177,taj,278547,ECH1,25,60,TRUE,153017327,27010,632464946,Wilderburg,8009991,236126627,92458569,31732531,18820467,10005760,4571294,607695715,1068,275445,128257,145,178812560,307714369,391765168,882332652,50,5866736870,1218,81391,25370801720,19866013843,18059156526,15463686760,8476875,355513518,253112627,5753825,3284116,13846229
3649325,Babycakey,278547,ECH1,25,60,TRUE,181106945,27010,793710973,League of Order,5303220,246431568,120733212,31734406,18820467,9818860,3788659,549152121,181,206578,210757,834,204855797,154307884,78877031,1210053214,313,3514596011,844,90395,15576601971,13914860167,7638914224,8757805415,6654583,348956635,360502055,45021871,15906219,23087405
3659754,Ƭ A Ѵ I,278547,ECH1,25,60,TRUE,128186433,27010,1361880759,Wilderburg,11845498,168763173,69764850,31734406,17927327,8759850,7337741,610937861,4954,147760,319779,1143,132817214,529012968,1561574677,2877399790,202,940920887,208,99408,28816045521,28185958238,27764180210,22821776892,3756869,506130678,585552898,124440515,52032758,89486983
3663535,Vronaa,278547,ECH1,25,60,TRUE,142082383,27010,782330920,League of Order,7347707,196016083,83019175,31732531,18820467,8510210,1494230,475679049,125,100666,308911,410,691299254,778273013,669479147,3509558625,3329,10000000,2,74203,9380446222,8646089229,6451121692,5898815712,5690868,471029337,256083346,8866684,2969432,43306637
3663964,BrowniePointz,229902,ECH2,25,60,TRUE,127193363,27010,355765370,Springwardens,2951023,165889193,66509019,31734406,18820468,10125990,2335186,395861795,77,165854,161326,172,915478492,813295795,651797027,839539535,534,3166951509,644,83074,12256499043,13060557900,6808217418,7174845042,5991960,183533504,154980176,3589611,1856887,11693019
3664247,Vernerlitte,278547,ECH1,25,60,TRUE,89339527,27010,404909275,League of Order,781082,94221021,33235890,31366440,18167167,6570030,2068672,424605530,1188,54949,111249,7888,891874685,1117400952,1053879345,1380749133,349,2356432097,634,81527,7486530992,7800529899,6009193886,4104433048,1074021,134444635,150835211,27285390,12581371,78053618
3676517,Xerotripz,278547,ECH1,25,60,TRUE,119632866,27010,325041760,League of Order,2047430,119861708,61371418,31732531,18206917,8322000,1654255,321028701,135,70773,154687,634,2783754516,2490593424,1860262660,5142465296,270,32800000,7,108194,8687360457,7954303932,5332352847,5398465921,2562381,179536480,100421593,16857295,1564768,26563464
3715972,۞UPPER҉3,278547,ECH1,25,60,TRUE,143409467,27010,715915443,League of Order,3840984,148765527,84757719,31732531,18820467,8098750,391755,423386774,30,75630,254425,1106,1535231149,1558821175,1732893615,3936908872,180,551465155,165,115628,7311171693,7565653333,5671977570,5148082477,2369268,340243072,283385100,14311920,9762898,68110856
3732724,YАYО,278547,ECH1,25,60,TRUE,110043176,27010,409202457,Wilderburg,2381462,124001196,52862208,31732531,18820467,6632970,3154311,432536477,79,211745,113463,3746,3756634333,3725416543,1044823563,4226160441,14184,4477390975,939,153194,14259776581,14298271133,4796250786,6564174196,2600767,195876889,171637404,6598360,5863427,29143955
3788189,"ᴱᵗᵉʳⁿᵃˡ Panda",278547,ECH1,25,60,TRUE,113726917,27010,821796814,League of Order,3579291,130164516,54612234,31734406,18820467,8559810,2460275,453279864,383,115398,209508,691,1191781629,317830266,1924109489,4024288179,1943,1104415858,273,105288,7315051283,6550783491,4852649038,4829864218,2430624,296992101,434297888,35441290,23147217,31163179
3892660,Actina,278547,ECH1,25,60,TRUE,97031105,27010,468226700,Wilderburg,3450311,128268241,39356347,31732531,18820467,7121760,2506162,335845409,176,75020,190464,552,735319097,145060754,502632492,2967851517,1,674641043,150,112851,6139292649,4339155113,3847868780,3520166910,1329812,247744052,188025803,12634245,3422683,16229170
4019235,Teng3n,278547,ECH1,25,60,TRUE,150915750,27010,1262477091,League of Order,4709723,176923460,90355547,31734406,18820467,10005330,2915644,669723579,510,135707,353532,641,1042649754,657403906,1836659913,4518332620,35,243554168,67,144189,14789825367,13888263588,11126949043,10501666341,3873004,539060162,660691712,16344668,4878673,41392198
4029587,Lotu,278547,ECH1,25,60,TRUE,136802868,27010,757005744,League of Order,6573888,207262526,75707935,31734406,18820467,10540060,1445847,600511869,27,186329,317535,284,406659814,494453154,408327594,786686978,573,1048716,3,51987,22691273292,21967812856,10979483449,14628076288,10359904,436754364,232408002,8262568,3556821,75957414
4079107,mana pit,278547,ECH1,25,60,TRUE,107278657,27010,456175446,League of Order,4729007,124342561,49801279,31732531,18820467,6924380,916719,365789956,145,45348,268523,1465,3080506047,3857062369,3942680336,4065416703,387,198520000,44,185151,6567627175,6670735442,5982050012,5123563068,964946,219450607,196427846,9099763,4081371,27053537
4328951,ᴵᵐ Tel Annas,278547,ECH1,25,60,TRUE,126960461,27010,343900836,Wilderburg,935206,130505391,69450813,31732531,18740967,7036150,451703,343295661,121,27120,166020,549,4850256303,4218449199,4149434527,4509533019,146,4492578386,906,152096,8248115369,7419676566,7286020433,4751034181,1113254,169569468,129447884,5254885,2107444,37438413
4346294,SUNＷUKONG,278547,ECH1,25,60,TRUE,138240096,27010,963464513,League of Order,8784157,217461346,78272748,31732531,18820467,9414350,2545148,435807878,752,101918,256645,805,1351299173,1054472430,763247492,2656375645,1532,1394308402,305,96707,8267137637,8072670920,5259477298,5284613673,5740049,349897927,435284049,41482867,23765644,111432182
4401898,ᴮᴼ FALA7,278547,ECH1,25,60,TRUE,189675872,27010,913737757,League of Order,1716867,189675872,129510859,31734406,18820467,9610140,2460812,618766042,1027,137914,170793,1643,1237109507,1445000491,676050556,5151652337,148,1923748233,406,159787,12913641220,13681246894,8444976119,8268634268,4886241,322838520,436858730,17156318,9167784,126408655
4437708,Hammode,278547,ECH1,25,60,TRUE,100972434,27010,725250373,League of Order,3152735,110365132,41981371,31734406,18820467,8436190,2135267,482919002,745,70603,216451,2332,359512214,345765040,238461769,4174909219,66,570413663,134,142259,6516389157,7144323675,3965759774,3563653213,1680791,328805689,306937657,12037075,4843363,71892722
4472069,RsSkyline,278547,ECH1,25,60,TRUE,124529916,27010,512372467,League of Order,3020334,124999536,66331308,31732531,18820467,7645610,2573983,356215710,340,84977,283748,734,3067345865,2912047649,1922905755,5132310743,6357,950602278,216,180092,11446831317,10312346203,6974215854,7299720380,1556624,290738837,171297651,10190811,4560626,35224887
4475636,Gelly Belly,278547,ECH1,25,60,TRUE,251584025,27010,1406396379,League of Order,4537113,273927768,191547311,31734406,18820468,9481840,7256205,733999471,593,230842,242396,637,249581318,157811002,145772674,2319101564,2,4806945456,968,67843,11311703280,11453261023,5575597487,5570173007,2002431,453632976,697369009,42676117,16893644,195549884
4508150,Мubin,278547,ECH1,25,60,TRUE,267166762,27010,1529655027,League of Order,17904683,316903564,206290859,31734406,18820467,10321030,3382748,1030303851,968,299515,361471,1157,1204704999,937921835,1202605116,4479458923,238,4250003629,881,140488,34004682021,31169723542,21731541417,21480366479,13969073,728927594,609548410,44063493,23445353,123296712
4508709,Sky Inf Slave,278547,ECH1,25,60,TRUE,214770613,27010,264157536,League of Order,4162898,217560233,156398450,31734406,18820467,7811240,917921,142472960,363,38099,49609,134,40387124,33370652,27008602,696156291,1514,6377958938,1282,21009,7683902975,6992196659,5283272667,3298029203,4674113,66073453,173106476,14567711,4474695,5549062
4562030,NegativeQT,278547,ECH1,25,60,TRUE,197812532,27010,967158344,League of Order,7023876,200396988,136437289,31734406,18820467,10820370,3149321,658100599,193,155213,345415,2295,2386802035,2439601880,1671767981,5886442251,934,634786345,131,169790,16211064699,15210193917,9401393747,9724169443,9056805,583600856,297546523,4909108,3559011,77371695
4711167,야인Amazon,278547,ECH1,25,60,TRUE,217333512,27010,1448611169,League of Order,18507044,233253202,157872639,31734406,18820467,8906000,5744785,882436394,722,251858,395737,903,1379173275,762209216,906373038,1371314515,206,3708834128,774,97758,58044928683,42782073611,30762317596,31941538549,13364619,858473984,513352802,8683426,4659461,63089923
4715798,3Zz,278547,ECH1,25,60,TRUE,124727132,27010,616624601,League of Order,1465119,125215202,66450409,31734406,18820467,7721850,1902114,367272536,724,72815,129915,601,409032030,449792189,426082140,2079862226,5275,683602413,159,85866,5608274321,5575831271,2897487477,3227743561,1178550,186164015,269678339,54780075,42090463,63271486
4778165,Broke Midget,278547,ECH1,25,60,TRUE,125535453,27010,892153591,Wilderburg,4140072,186082873,65037900,31734406,18820467,9942680,7257432,655819050,755,256923,243474,174,120356547,178915507,129885782,883369983,20,3566070840,846,108081,29743839658,27223171892,19115093794,18893223271,8189959,473329073,341460870,29302608,11130077,36399658
4966932,HAVN,278547,ECH1,25,60,TRUE,129415013,27010,430741632,League of Order,3473124,163182176,69996065,31732531,18820467,8865950,1953793,356687139,469,125344,207911,233,389691159,460053860,225809972,2480265151,10,220690639,51,69181,8822721978,8137110023,5595957120,5673654526,4121215,245561103,155768650,10461842,5211892,12904829
5232567,ᴰʳᵃᵍᵒⁿ ˢⁱˢᵗᵉʳ,278547,ECH1,25,60,TRUE,109811098,27010,484185965,League of Order,3094171,110031058,53054500,31732531,18820467,6203600,2429588,392356850,230,59222,228545,701,1269572246,1264237775,861480151,2486214632,1736,183232238,154,150711,5137183420,5447811362,3774318303,3379482716,1172323,216767415,227403291,3248756,2049533,34502763
5390332,RaphaeI,229902,ECH2,25,60,TRUE,182706810,27010,551633059,Wilderburg,2252092,182950710,122480947,31734406,18820467,9670990,3996510,472758632,1150,96229,143616,596,1350196811,738493234,1006140545,1787920246,104,5079808256,1091,79966,15432317667,12716513645,11413362445,8706692620,9202873,294982688,177924632,6110509,4596683,67754530
5652788,ᴹⱽᴾˢ Groll,278547,ECH1,25,60,TRUE,129958463,27010,543293649,League of Order,2241797,133709523,71472540,31734406,18820467,7931050,779521,333459949,101,58202,198292,1094,1255488042,1426552671,1305058304,2725875691,365,2328543130,632,114315,6320675472,6461901850,4108105672,3357718780,1648351,229188144,162203591,5385878,1473612,145007938
6350498,Ƶetsubo,278547,ECH1,25,60,TRUE,109594611,27010,462535407,League of Order,1117212,112561941,51570758,31734406,18820467,7468980,1147077,277145838,208,52328,258141,460,1291760297,1338011697,1099193863,3509181369,72,178400006,41,116886,4209019420,4044382163,2564620879,2456385748,1357012,271328990,166543824,2076158,1047504,21492421
6384492,neccy,278547,ECH1,25,60,TRUE,156914175,27010,754507350,Wilderburg,5118031,167151445,97300042,31734406,18820467,9059260,2046908,429818750,399,176393,236292,601,1186982493,939520033,345387851,2702732589,143,559026051,125,48638,9623062785,9982792822,4879685223,5833092548,3108303,296109156,421532210,8207013,2020904,26420740
6409636,Evil Kat,278547,ECH1,25,60,TRUE,139459669,27010,1315252951,Wilderburg,4801941,178708343,78289486,31734406,18820467,10615310,3406597,668872479,591,186411,295723,1624,2125227577,1552237607,1054250511,4811504252,385,651340639,159,228059,17534171337,16920502556,11784450821,11688689355,7245310,421394685,783167042,21941148,12568340,75227154
6418014,Evil Zalmis,229902,ECH2,25,60,TRUE,143170785,27010,1202417781,Wilderburg,13172098,162993865,82634992,31734406,18820467,9980920,5835904,579005105,1837,158261,224299,1347,145581274,116528287,79436082,720793289,10,273006919,70,118334,25369207648,22246083523,20165646794,17545240189,7306614,516518627,538685302,46492290,25363277,72277328
6420073,"Dustinᵂᵃˡˡᶠˡᵒʷᵉʳ",278547,ECH1,25,60,TRUE,332750265,27010,1880509953,Wilderburg,9858340,333665565,272027302,31734406,18820467,10164630,6642769,937324304,3231,372584,312155,1332,2302379085,1074536558,1371582248,6604805589,3,1320704857,274,178587,49277675348,40058478216,29526528422,30542978333,19552976,697069934,1089599581,42903783,13850570,33738264
6481933,ᴱᵛᴵᴸKILO,278547,ECH1,25,60,TRUE,110861468,27010,882066634,League of Order,2756592,118799302,52734525,31734406,18820467,7572070,1548757,456973575,606,55470,268540,2186,1779767274,1766672947,1005928571,3524835159,1505,5471599972,1109,198978,9407765801,9510346236,7129681889,4716402517,929819,311082475,311039639,26653123,12385564,220106773
6554196,EIettra,278547,ECH1,25,60,TRUE,120909026,27010,489087573,League of Order,5941509,122220926,64166958,31732531,18167167,6842370,695551,338640053,56,23012,285872,338,2469085069,2004382538,1809633611,5522285383,88288,1275005165,258,92472,9937880116,9346276311,7946167742,6661058990,1839721,269645815,170039899,3050591,1732036,44595882
6714654,ＨｏｌｙＳｖｅｎ,278547,ECH1,25,60,TRUE,132500793,27010,789226234,League of Order,3657427,133149501,73195275,31732531,18820467,8752520,1131871,441239270,160,69561,265251,1851,1604384157,1590664435,863914729,5108633004,41009,980206480,202,114701,10516811629,10173769179,7516740750,6279836410,3408007,314924507,283870799,25360616,10377835,154561269
7088962,ƧӇƛƊƠƜ ӇЄƦƠ,278547,ECH1,25,60,TRUE,185276353,27010,657852578,Wilderburg,2550040,201783163,123671930,31734406,18820467,10859970,1467914,427576610,153,145156,183107,505,545920456,458296345,929697347,2056610076,20,1707069933,344,134204,9114977016,10713482751,7385606377,6606441538,7689945,274854923,357624224,7033865,3205315,14850264
7504081,M 3 R C,278547,ECH1,25,60,TRUE,199891989,27010,951422566,Wilderburg,4220275,210479389,130655166,31734406,18820467,9808460,5423855,665666861,731,285718,183455,674,932724237,498017841,685200953,2875289490,19,664893894,147,124873,18800909373,19029722298,9606998074,11891536028,7347623,435381599,410603900,28288602,10517746,65977493
7659477,STENIZᵗʰᵉMENACE,278547,ECH1,25,60,TRUE,138444305,27010,672001634,Wilderburg,4405469,154701125,78152927,31732531,18820467,9738380,1641237,487369576,522,79117,266578,1263,995258409,918757231,661107627,3512225684,195,1831708,19,174547,10670587149,7744025568,6865538643,6172367580,3563839,348793515,232663107,17439361,14662705,57914268
7767962,ᴹᴵᴸᴷＧｅｎｅｓｉｓ,278547,ECH1,25,60,TRUE,189840352,27010,710722633,League of Order,16495182,302966691,129449299,31734406,18820467,9836180,3068948,396459712,277,160410,233022,445,446331535,380179004,319415403,1298199589,20,561610803,133,88944,19272138542,16052660539,10151733428,11629318096,12287446,343958206,298609989,29470035,19326473,19144267
8167052,F2P SkillPlayer,278547,ECH1,25,60,TRUE,118776926,27010,818319652,Wilderburg,10777142,129211280,60586198,31732531,18820467,7509730,2087548,497455966,228,135786,327122,1140,1899292664,1427620233,1146469500,6992729378,1413,12636126904,2538,94613,17900804500,10655179239,10012676217,6184088912,2708578,489434477,261563076,13381143,6063719,47649604
8183900,"メRebrAメ",278547,ECH1,25,60,TRUE,100501307,27010,812867156,League of Order,3849800,121308017,42923629,31732531,18544827,7300320,2958575,360535832,1003,74502,159020,728,1407392874,773970696,604640706,2095573429,497,2520445753,519,81608,8333711429,5772964809,4391061165,3825274326,1661285,251156010,502569087,29211587,10764671,18698304
8237565,ᶠᴮᶦ Banao,229902,ECH2,25,60,TRUE,129759621,27010,753518127,League of Order,13078981,186016491,70765908,31734406,18820467,8438840,5942885,613443958,869,306290,171094,441,1312902115,2250340380,249501855,3020579743,2239,2481622040,521,162380,23631202800,22660314250,4884294364,12098326328,5980300,336196114,358530620,26806442,14595794,16383674
8461962,R0b1n,278547,ECH1,25,60,TRUE,150704623,27010,690776280,League of Order,6435369,153362229,91030955,31732531,18621717,9319420,1354974,461736151,221,71681,284708,750,1763482875,1079603078,1353410008,6467267603,40,402145117,81,117584,9743866745,8804157208,8492505213,5837725495,3383573,342914747,312989998,18719451,8211768,7824240
8470520,FeelsWizardMan,278547,ECH1,25,60,TRUE,132026092,27010,426585555,League of Order,459263,132026092,72934769,31734406,18820467,8536450,3263693,288362745,361,93446,130884,908,802658965,1221313231,388750257,626702783,5127,1214489091,287,69387,7648608521,7804109370,4173790619,4884040802,4343494,189231011,177213591,6834238,4949581,48157244
8478126,ᶠᴮᴵZuke,229902,ECH2,25,60,TRUE,141039613,27010,1557732787,Wilderburg,8753630,167164263,80929720,31734406,18820467,9555020,11022577,677110111,3338,186635,193287,1360,248407980,121595928,95023054,463043169,173,3024736542,654,152683,23607231563,21733204852,17814752885,15843208275,8255301,510131207,888721693,69073163,42940811,44906490
8494348,ᴰˢ J son of troll,278547,ECH1,25,60,TRUE,115840763,27010,639758343,Wilderburg,3058247,127328839,58180105,31732531,18563397,7364730,903427,406605315,161,64903,246991,2278,2409622714,1614515948,2171363549,3776194658,9200,245222809,61,187720,10004526837,7831779451,7338615603,5855060466,1825370,304528990,259689263,6473938,3685821,65119810
8521635,"ᶜᵃᵐᵉˡ Agent X",278547,ECH1,25,60,TRUE,151627935,27010,891693905,League of Order,5914584,164491805,91809657,31732531,18820467,9265280,3871756,514106696,653,155240,225673,888,876782604,414979487,453687495,3401016273,2576,3182381163,658,111311,14261120191,11635160236,8931461998,8116933657,3320339,419131609,410222642,18685159,10612297,32658411
8532169,WCKD,278547,ECH1,25,60,TRUE,155023696,27010,744079473,Wilderburg,7826051,164868716,94831083,31734406,18820467,9642740,1220070,404783815,151,70571,362577,524,551182636,397443724,1298083307,4291099544,11,304600000,61,114529,10225729940,7789804890,7451066462,6232226210,3763470,444746627,255519631,11627513,4978424,27100287
8592199,CÀĮ,278547,ECH1,25,60,TRUE,100047145,27010,657491605,League of Order,4836483,134335505,41384577,31732531,18820467,8109570,886532,467765296,83,60245,229612,284,4678910452,2344492464,3246922256,4501870588,-,190000000,38,128048,10638107260,7967261225,7694813813,6153427314,2358040,279550683,293533635,13199118,4113768,67032646
8600542,Hav0c13,278547,ECH1,25,60,TRUE,177921628,27010,457377343,League of Order,1805143,178870148,117830365,31734406,18820467,9524710,1928147,377897479,135,81317,169093,476,993044336,1099441751,904191891,4552443628,2542,892833146,189,140786,9512509346,10315349670,6091480355,5771534888,5057957,235372247,182678030,6017570,3540284,29612799
8608802,リムル テンペス,278547,ECH1,25,60,TRUE,108391283,27010,542815146,League of Order,6361940,111118993,50452715,31732531,18820467,7385570,1345324,346851627,670,45646,338262,704,944506630,1253244855,1602854665,2424786671,292,220224849,53,81810,6957234706,6960338216,5214323270,4712662782,1623621,300340280,181142348,9027740,8133566,43619856
8650536,Magic Juan,278547,ECH1,25,60,TRUE,183668964,27010,1005456011,League of Order,7958801,216615524,123439621,31734406,18701217,9793720,1851256,596528235,112,96452,460997,913,2169201116,1893581048,1486750794,5404237831,70,25012516,50,192105,17441501184,18184794329,14791203632,12664818858,8023129,611542133,320399756,5884748,3481916,64060601
9190733,亗 ARCHON 亗,278547,ECH1,25,60,TRUE,111993307,27010,956003174,League of Order,8287369,156488528,53585839,31732531,18820467,7806470,739363,381537722,155,22185,496168,143,2611769706,3022678252,1959913000,5866201465,26,157801158,40,145415,8304454100,7274359189,7983303434,5967247756,3669018,517631897,348065233,4476535,4736026,81064477
9687730,Nghienne,278547,ECH1,25,60,TRUE,133846576,27010,777664084,League of Order,6211159,142660130,74730633,31734406,18820467,8561070,3027572,444771087,380,111353,216866,813,400611416,700329180,644667737,2465265210,657,6619636884,1371,84471,11397741008,12663814702,9222914102,5697676964,1609043,345018249,368513829,10598412,4523750,48847349
9710232,ᶜᵖᵗ 위 연,278547,ECH1,25,60,TRUE,114671975,27010,538621047,Wilderburg,2986067,137756057,56825227,31732531,18820467,7293750,1982710,366956529,233,91653,99973,750,1035126396,926237432,665106114,2221653402,40,1066408346,214,60192,10105657948,10283438340,7968960020,6543358015,2666894,217875189,276221680,6994649,2856170,34578452
9816988,ᴳᵉⁿ 장 비,278547,ECH1,25,60,TRUE,196417324,27010,873117344,League of Order,3003354,207290864,136793770,31734406,18820468,9068680,2707574,563950259,591,183053,216494,486,725177916,720128973,730886624,3676117222,169,4446989246,891,137039,14821567450,16171926400,11724114183,8922513498,5147544,360292515,420616430,23522591,13061020,55222396
9947044,Aсe,278547,ECH1,25,60,TRUE,138493122,27010,527856496,League of Order,6570260,200171113,78482709,31734406,18820467,9455540,3021044,422668898,639,87861,172793,561,236587490,68673171,293875335,3398524335,184,1221868907,250,77288,10828798198,11181762500,6933777111,6368817938,6510295,287816742,198469880,5091481,2376400,33889757
9969125,ᴵᴬᴹLet Me Cook,278547,ECH1,25,60,TRUE,138713488,27010,559934242,League of Order,5913239,144417056,80064434,31734406,18820468,8094180,2808626,383342714,1123,113933,162465,1117,564807578,886164851,549299388,2827535835,324,105000000,21,79508,8952337594,8827228273,5498658003,5209965693,2065363,221913314,293021826,9906783,6759961,27498592
10011734,ᴱⁿᵍ 마 속,278547,ECH1,25,60,TRUE,105662531,27010,633771743,League of Order,3944073,111725141,45826993,31732531,18820467,8191340,2843224,342238508,559,31255,208597,520,686143913,514936752,506368475,4122146773,373,15640632877,3132,65919,15814681354,13942975927,9631861318,4833756304,2622933,237077690,327469473,14400292,5965770,48557373
10035185,ᴸⁱᵃ 가 후,278547,ECH1,25,60,TRUE,114393702,27010,756140534,Wilderburg,3403033,153234606,54193974,31732531,18820467,9646730,5428731,486633954,1963,106050,198622,2087,1521550464,1147516986,960624407,4010967887,4222,5581090132,1122,172600,15294821145,15277623690,11125999386,8233487298,4539656,318450087,306334064,41557082,27319079,61510059
10039450,Chef 마 량,278547,ECH1,25,60,TRUE,109552510,27010,322098368,League of Order,2070248,122086664,51457672,31732531,18820467,7541840,3685294,303642742,155,74493,139374,528,2019561422,1772193900,1528989371,3237368715,7964,219461196,46,90117,8735387235,9081114763,6650916967,5838907112,3720055,169665077,120148129,4061361,1670488,26492961
10040003,ʀᴏᴄᴋᴇᴛ,278547,ECH1,25,60,TRUE,125256920,27010,469637335,League of Order,5894931,128573680,63047612,31732531,18820467,8537520,2112411,396824671,97,68814,367194,281,2342547109,2634189744,1765935792,5582032179,27412,-,-,231692,10863170676,14732196505,8631905161,7433633770,2133313,288988945,143371005,2448566,3140469,31610185
10042520,"ᴹˢᵍ 조 운",278547,ECH1,25,60,TRUE,114876453,27010,516214543,Springwardens,2581102,115301793,57364285,31732531,18820467,6927170,1939237,311545280,529,71811,100473,534,252388161,369970223,220794013,1850263161,2088,542292043,114,49323,6971710732,6956348182,5578126458,4562812359,2096857,220887014,194391286,37054300,21354614,41382398
10046314,ˢᵉⁿˢᵉⁱ 유비,278547,ECH1,25,60,TRUE,180709423,27010,983241469,League of Order,5987727,180931123,120206250,31734406,18820467,9947820,6270153,643761919,1259,192216,244786,658,387046200,250286131,180957975,2978894850,39,1152965043,249,63964,20473225583,18996877080,12356312987,12862196247,6471735,463217798,423359030,40252582,17710180,38220456
10097554,Sukku Son 손 책,278547,ECH1,25,60,TRUE,121777694,27010,639955646,Wilderburg,2949543,122911676,63768666,31732531,18820467,7456030,4034843,392046745,1511,44327,220149,451,872867670,751798047,712106572,2754634101,313,205000000,41,81552,15170264099,7626170031,11267099524,8452646056,4600023,325785596,254311366,7457481,3012766,49126963
10190879,ᴸᴳ 마 초,278547,ECH1,25,60,TRUE,116113200,27010,781361049,Springwardens,3177172,154026360,56990886,31734406,18820468,8558500,2516970,447132047,704,161364,121766,859,973432198,956298703,1034129342,2932799733,949,310962803,68,104321,13628636948,12707865048,5705025663,7569575558,4210903,243201163,417827005,27917440,13474509,77838160
10236710,ᴴᵘʸ Ông Kẹ,278547,ECH1,25,60,TRUE,111697850,27010,563311579,League of Order,2819999,130349170,54211832,31732531,18820467,6933020,1304371,355851856,34,44133,216330,291,1935022725,1771234178,1401659281,2626936593,573,2678805132,537,69131,7411234925,8447928223,5809383787,4245748758,1950945,259776977,214378711,1869792,1747632,85521581
10637721,Liuᴿᴵᴼ리우,278547,ECH1,25,60,TRUE,111190387,27010,744294163,Wilderburg,4693798,122696827,53653219,31732531,18407007,7397630,1463769,451004981,781,63243,173585,1787,970611193,756758764,789818878,5482997931,7831,3433075989,701,116613,14045644131,14094563777,10330538065,7910322240,1298200,280734183,368611527,22363843,16626142,55447949
10715012,ᴳᴬ 관 우,278547,ECH1,25,60,TRUE,146279684,27010,1118953467,Wilderburg,10008417,175186188,87070336,31732531,18820467,8656350,3072344,572777285,260,198565,207056,372,1849270118,756827783,1033069102,4922312285,105,1378999933,281,197814,16529726654,13500418144,7801739676,8564149189,6029306,526711685,516985943,9818507,5743095,59515988
10832006,BaByBee,278547,ECH1,25,60,TRUE,138714023,27010,481596915,League of Order,4187711,178018789,74349935,31732531,18740967,8745720,1331832,433668097,478,186704,119373,253,1595310946,2118416840,988339897,3314842018,4351,2294790072,463,61598,19112815137,19031884626,10862613028,11181878736,6716780,220444198,214714197,11533894,11337044,23315429
10870772,Gın,278547,ECH1,25,60,TRUE,135545194,27010,506025749,League of Order,2704949,145255294,77995966,31732531,18820467,6996230,635792,332070181,134,71268,177760,565,1221011988,651121893,1318071262,2638521923,1206,2972909298,668,89656,8878330593,6813615792,6653888277,4825727732,2674251,162792003,292434480,19116016,15306022,16259518
10897575,KisOne,278547,ECH1,25,60,TRUE,148190584,27010,905918964,Wilderburg,4619308,152268654,88499386,31732531,18820467,9138200,4454157,591827829,1468,146088,182017,646,259975811,138559319,272129304,1765479608,208,13282706457,2739,72098,34167289720,30211253592,28704479790,20606466623,7164451,368775445,441696119,25125504,14725871,54764524
11187035,"ᶜʰᵃᵒˢメbubu",278547,ECH1,25,60,TRUE,125268185,27010,516147934,League of Order,4382396,154397733,66620332,31734406,18820467,8092980,2334006,346602212,353,111201,145051,121,580817298,447731892,103303699,1976776433,553,755000000,153,25342,7542086394,6885124178,4680278974,4427985556,2078161,198414376,246268080,22963237,11217746,36418124
11223047,데드풀 ᴅᴇᴀᴅᴘᴏᴏʟ,278547,ECH1,25,60,TRUE,129763384,27010,853118829,Wilderburg,4565561,155821444,72310306,31732531,18820467,6900080,2255304,382794361,453,61709,147052,643,1123700414,998411759,905125520,1211449771,3587,1522127461,312,96273,16183204375,16258271318,12911543107,11675525686,4545740,361061303,407828398,20122547,10645883,53239791
11237273,"ᶜʰᵃᵒˢメdudu",278547,ECH1,25,60,TRUE,236287701,27010,838802341,League of Order,5467400,250039237,177294518,31734406,18820467,8438310,4063715,486417240,655,157984,172390,191,907799325,708961052,309362664,2317697054,1967,871738671,179,50479,11359619453,10549937630,7296164640,6693676761,3605135,306890833,458131278,16545992,3835994,53127324
11410868,ᴹᴳ 봉 추,278547,ECH1,25,60,TRUE,117284808,27010,403740122,Wilderburg,2947432,121652487,58284445,31734406,18820467,8445490,1736714,262669665,335,72713,121271,290,832338284,713617498,359798909,1892335997,170,88595487,32,75867,9517322997,6797343477,5285822736,5046529503,4873495,181788683,156955215,20248089,6188142,38414938
12247241,ᴾˢᵍ 제 갈 공 명,278547,ECH1,25,60,TRUE,134677027,27010,550250089,Wilderburg,1694298,136635017,77336729,31732531,18820467,6787300,2132371,355623253,171,79879,120988,295,1207567960,696280394,832827454,2278806053,303,895868082,185,80095,12327583333,9218621024,7834684835,6588000165,5720859,200649949,308245065,9548843,3653828,28061197
12460734,Big Babycakes,278547,ECH1,25,60,TRUE,166719289,27010,498163722,Wilderburg,3589018,184389227,93246791,31734406,18820468,9090710,2075459,324407674,200,110665,106854,349,226975162,207613604,49218070,1901498655,52,1264532850,269,41077,14838261508,13285149726,6840110940,8539835468,7771130,159469593,292626404,11099589,4704115,30158006
13589186,"ＲＡＮＧＥＲ",278547,ECH1,25,60,TRUE,149296348,27010,763632662,League of Order,4554537,149552228,88631820,31732531,18820467,10111530,279098,318477733,47,45969,201869,219,678299789,717365713,244027692,2059257399,128,269280755,56,72365,10257598662,10579023161,5856653672,5629697671,11327169,307232875,399192663,8957991,3301497,44930534
13939765,M E R C,278547,ECH1,25,60,TRUE,117972591,27010,399967683,Wilderburg,2174787,127185632,52044453,31732531,17687487,6871590,741445,233145617,86,75903,85410,133,1005411033,587772748,462305588,2098875227,-,5000000,1,65191,9131997233,7798273374,4330917463,4658304231,4568756,96907225,233164821,40908193,14991893,13928497
